品牌分類,關鍵字
單支零售,"单支零售, 單支零售"
PCC,pcc
英飛烽,"英飞烽, 英飛烽"
煙絲,"烟丝, 煙絲, 马坝, 馬壩"
拉弗（La Flor de Cano）,"拉弗, 拉佛, 拉弗洛尔, 拉佛洛, 卡诺之花, 德卡诺, flor de cano"
優民,"优民, 優民, 优明"
富恩特,"富恩特, fuente, 海明威"
我的父親,"我的父亲, 我的父親, my father"
多明尼加之花,"多米尼加之花, 多明尼加之花, flor dominicana"
獅子王,"狮子王, 獅子王, 拉奥罗拉, aurora"
好友,"好友, hoyo, epicure, 逍遥, 赛科, 聖胡安, 帕尔马斯"
潑辣,"泼辣, 潑辣, 波尔, larranaga, 波辣"
高希霸,"高希霸, cohiba, bhk, 世纪, 半世纪, 魔术师, 导师, 高世紀, 高半世紀"
千里達,"千里达, 千里達, 特立尼达, trinidad, 3t, 雷耶斯, 暗礁, 千裏達, 千裏達"
蒙特,"蒙特, montecristo, 艾蒙多, 1935, 大仲马, 蒙特2号, 蒙特4号"
帕特加斯,"帕特加斯, partagas, 路西塔尼亚, d4, p2, e2, 帕3特加斯, 帕特佳斯, 帕特"
羅密歐與茱麗葉,"罗密欧, 羅密歐, romeo, 短丘, 宽丘, 丘比特,罗米欧"
烏普曼,"乌普曼, 烏普曼, upmann, 玛瑙, 鉴赏家, 半皇冠"
玻利瓦,"玻利瓦, bolivar, 玻璃瓦尔"
雷蒙阿隆尼,"雷蒙, allones, 雷蒙亚隆, 雷蒙亞隆, ramon allones"
多爾賽,"多尔塞, quai, d'orsay, 码头, 多爾賽"
潘趣,"潘趣, punch, punch"
庫阿巴,"库阿巴, cuaba, 库亚巴, 庫亞巴, 库亚巴, 庫亞巴, 库阿巴, 库亞巴, 库亚巴"
威古洛,"威古洛, vegueros"
胡安洛佩斯,"胡安, juan lopez"
外交官,"外交官, diplomaticos"
比亞達,"比亚达, 比雅達, piedra, 猎人, 比亚达, 比雅达,比亞達"
金特羅,"金特罗, quintero, 挚爱, 君特罗, 君特羅, 君特罗, 君特羅, 金特罗, 金特羅"
世界之王,"世界之王, rey del mundo"
古巴榮耀,"古巴荣耀, gloria cubana"
拉斐爾,"拉斐尔, rafael gonzalez, 拉菲尔"
豐塞卡,"丰塞卡, 豐塞卡, fonseca"
羅賓納,"罗宾纳, robaina, 罗宾娜, 羅賓娜"
大衛杜夫,"大卫杜夫, davidoff, 大卫, 大衛"
潮牌CAO,"潮牌, cao"
聖克里斯托,"圣克里斯托, 聖克里斯托, 圣克里, 聖克裏, san cristobal, 圣克, 聖克"
聖路易斯雷,"圣路易斯, 聖路易斯, saint luis rey"
桑丘潘沙,"桑丘, sancho panza"
奧利瓦,"奥利瓦, 奧利瓦, oliva"
帕拉森,"帕拉森, plasencia"
麥克紐杜,"麦克纽杜, 麥克紐杜, macanudo"
托斯卡納,"托斯卡纳, 托斯卡納, toscano"
關塔那摩,"关塔那摩, guantanamera"
紫檀葉,"紫檀叶, 紫檀葉, palio"
唯佳,"唯佳, vegafina, vf"
奥利瓦 V 系列,"V系列,G系列,ADVENT CALENDAR"
葡萄牙地限,葡萄牙地限
羅賓娜,"罗宾娜, 羅賓娜, 罗兵娜, 羅兵娜, robaina"
